MessageID,Date,From,To,Subject,cc,bcc,Origin,FileName,Message
<12345678.1234567890123.JavaMail.evans@thyme>,"Fri, 25 Dec 2021 09:00:00 +0000",jane.doe@example.com,john.smith@example.com,Meeting Agenda,susan.johnson@example.com,mark.wilson@example.com,Doe Corp,jane_doe_emails.pst,"Hello John, Please find attached the agenda for our upcoming meeting. Let me know if you have any questions. Regards, Jane"
<98765432.1234567890123.JavaMail.evans@thyme>,"Thu, 15 Nov 2022 15:30:00 +0000",alice.smith@example.com,bob.johnson@example.com,Important Update,sara.williams@example.com,mike.davis@example.com,Smith Corp,alice_smith_emails.pst,"Hi Bob, Just wanted to provide you with an important update on the project. Please review the attached document and let me know your thoughts. Thanks, Alice"
<98765432.1234567890123.JavaMail.evans@thyme>,"Thu, 15 Nov 2022 15:30:00 +0000",jennifer.smith@example.com,daniel.johnson@example.com,Urgent Request,sophia.williams@example.com,michael.davis@example.com,Smith Corp,jennifer_smith_emails.pst,"Hi Daniel, I have an urgent request that requires your immediate attention. Please see the attached file for details. Thank you, Jennifer"
<98765432.1234567890123.JavaMail.evans@thyme>,"Thu, 15 Nov 2022 15:30:00 +0000",jane.smith@example.com,alex.johnson@example.com,Important Update,sara.williams@example.com,mike.davis@example.com,Smith Corp,jane_smith_emails.pst,"Hi Alex, Just wanted to provide you with an important update on the project. Please review the attached document and let me know your thoughts. Thanks, Jane"
<98765432.1234567890123.JavaMail.evans@thyme>,"Fri, 01 Jan 2023 08:00:00 +0000",emma.jones@example.com,sam.wilson@example.com,Weekly Update,lisa.brown@example.com,chris.evans@example.com,Jones Corp,emma_jones_emails.pst,"Hi Sam, Just sending over the weekly update for your review. Let me know if you have any questions. Regards, Emma"
<98765432.1234567890123.JavaMail.evans@thyme>,"Fri, 01 Jan 2023 08:00:00 +0000",jacob.miller@example.com,olivia.thompson@example.com,Meeting Follow-Up,natalie.wilson@example.com,adam.davis@example.com,Miller Corp,jacob_miller_emails.pst,"Hi Olivia, Just following up on our meeting last week. Please see the attached summary for your reference. Let me know if you have any questions. Regards, Jacob"
<98765432.1234567890123.JavaMail.evans@thyme>,"Fri, 01 Jan 2023 08:00:00 +0000",jane.doe@example.com,john.smith@example.com,Meeting Agenda,susan.johnson@example.com,mark.wilson@example.com,Doe Corp,jane_doe_emails.pst,"Hello John, Please find attached the agenda for our upcoming meeting. Let me know if you have any questions. Regards, Jane"
<98765432.1234567890123.JavaMail.evans@thyme>,"Fri, 01 Jan 2023 08:00:00 +0000",emma.jones@example.com,sam.wilson@example.com,Weekly Update,lisa.brown@example.com,chris.evans@example.com,Jones Corp,emma_jones_emails.pst,"Hi Sam, Just sending over the weekly update for your review. Let me know if you have any questions. Regards, Emma"
<98765432.1234567890123.JavaMail.evans@thyme>,"Fri, 01 Jan 2023 08:00:00 +0000",jane.doe@example.com,john.smith@example.com,Meeting Agenda,susan.johnson@example.com,mark.wilson@example.com,Doe Corp,jane_doe_emails.pst,"Hello John, Please find attached the agenda for our upcoming meeting. Let me know if you have any questions. Regards, Jane"
<98765432.1234567890123.JavaMail.evans@thyme>,"Fri, 01 Jan 2023 08:00:00 +0000",james.wilson@example.com,sophie.johnson@example.com,Project Update,lucas.smith@example.com,olivia.davis@example.com,Wilson Corp,james_wilson_emails.pst,"Hi Sophie, Just wanted to provide you with an update on the project. Please review the attached document and let me know your feedback. Thanks, James"
<87654321.0987654321098.JavaMail.evans@thyme>,"Sat, 30 Apr 2022 12:00:00 +0000",alexander.brown@example.com,olivia.white@example.com,Monthly Report,natalie.green@example.com,michael.black@example.com,Brown Enterprises,alexander_brown_emails.pst,"Hi Olivia, I wanted to share the monthly report with you for your review. Please take a look and let me know if you have any questions. Regards, Alexander"
<12345678.8765432109876.JavaMail.evans@thyme>,"Mon, 12 Sep 2022 10:45:00 +0000",oliver.jenkins@example.com,sophia.miller@example.com,Exciting Opportunity,lucas.white@example.com,natalie.brown@example.com,Jenkins Co.,oliver_jenkins_emails.pst,"Hi Sophia, I wanted to share an exciting opportunity with you. Please see the attached details and let me know your thoughts. Regards, Oliver"
<12345678.9876543210987.JavaMail.evans@thyme>,"Sat, 15 Oct 2022 09:00:00 +0000",grace.jackson@example.com,michael.thompson@example.com,Exciting Announcement,sophie.adams@example.com,david.wilson@example.com,Jackson Enterprises,grace_jackson_emails.pst,"Hi Michael, I have an exciting announcement to share with you. Please check the attached document for more details. Looking forward to hearing your feedback. Regards, Grace"
<12345678.9876543210987.JavaMail.evans@thyme>,"Sat, 15 Oct 2022 09:00:00 +0000",olivia.parker@example.com,daniel.roberts@example.com,Urgent Request,sophie.morris@example.com,adam.jenkins@example.com,Parker Industries,olivia_parker_emails.pst,"Hi Daniel, I have an urgent request that requires your immediate attention. Please review the attached document and let me know your response as soon as possible. Thank you, Olivia"
<98765432.1234567890123.JavaMail.evans@thyme>,"Sun, 15 May 2022 15:30:00 +0000",samantha.miller@example.com,david.jones@example.com,Quarterly Review,natalie.smith@example.com,adam.wilson@example.com,Miller Enterprises,samantha_miller_emails.pst,"Hi David, I am sharing the quarterly review report with you for your feedback. Please take a look and let me know your thoughts. Regards, Samantha"
<12345678.9876543210987.JavaMail.evans@thyme>,"Tue, 10 Aug 2022 14:00:00 +0000",alexandra.smith@example.com,matthew.wilson@example.com,Important Update,sophia.adams@example.com,daniel.evans@example.com,Smith Co.,alexandra_smith_emails.pst,"Hi Matthew, I wanted to provide you with an important update regarding the project. Please find the details in the attached document and let me know your thoughts. Thank you, Alexandra"
<24681357.1357924680246.JavaMail.evans@thyme>,"Thu, 15 Sep 2022 18:30:00 +0000",harry.williams@example.com,sophie.baker@example.com,Exciting Opportunity,lucas.adams@example.com,natalie.evans@example.com,Williams Enterprises,harry_williams_emails.pst,"Hi Sophie, I have an exciting opportunity to share with you. Please review the attached details and let me know your thoughts. Regards, Harry"
<13579246.2468135790246.JavaMail.evans@thyme>,"Thu, 20 Jul 2023 14:30:00 +0000",samantha.brown@example.com,daniel.green@example.com,Monthly Newsletter,natalie.jones@example.com,adam.smith@example.com,Brown Enterprises,samantha_brown_emails.pst,"Hi Daniel, I hope this email finds you well. Attached is the latest edition of our monthly newsletter. Please take a moment to review it and let me know your feedback. Best regards, Samantha"
<98765432.1234567890123.JavaMail.evans@thyme>,"Thu, 20 Mar 2024 09:30:00 +0000",emma.watson@example.com,tom.hanks@example.com,Exciting Collaboration Opportunity,lily.collins@example.com,chris.hemsworth@example.com,Watson Enterprises,emma_watson_emails.pst,"Hi Tom, I have an exciting collaboration opportunity that I would like to discuss with you. Please find the details in the attached document and let me know your thoughts. Looking forward to hearing from you. Regards, Emma"
<98765432.1234567890123.JavaMail.evans@thyme>,"Fri, 01 Jan 2023 08:00:00 +0000",jennifer.smith@example.com,michael.brown@example.com,Exciting Opportunity Ahead,sophie.adams@example.com,david.evans@example.com,Smith Enterprises,jennifer_smith_emails.pst,"Hi Michael, I wanted to share an exciting opportunity that has come up. Please take a look at the attached details and let me know your thoughts. Best regards, Jennifer"
